{
  "E_run_J": 9852.729640082349,
  "T_in": 15582,
  "T_out": 6400,
  "EPT_in_J_per_tok": 0.6323148273701525,
  "EPT_out_J_per_tok": 1.5394890062626263,
  "EPT_total_J_per_tok": 0.4482180711528478
}