{
  "E_run_J": 7534.486573250537,
  "T_in": 15582,
  "T_out": 6400,
  "EPT_in_J_per_tok": 0.4835378368149181,
  "EPT_out_J_per_tok": 1.1772635270702123,
  "EPT_total_J_per_tok": 0.34275710004777515
}