{
  "E_run_J": 10116.570610625033,
  "T_in": 15582,
  "T_out": 5214,
  "EPT_in_J_per_tok": 0.6492472475050945,
  "EPT_out_J_per_tok": 1.9402705428889704,
  "EPT_total_J_per_tok": 0.4864671384220305
}