{
  "E_run_J": 7267.339766615629,
  "T_in": 15582,
  "T_out": 6281,
  "EPT_in_J_per_tok": 0.46639325931299974,
  "EPT_out_J_per_tok": 1.1570354667432687,
  "EPT_total_J_per_tok": 0.332403593588039
}