{
  "E_run_J": 10091.610741137973,
  "T_in": 15582,
  "T_out": 5205,
  "EPT_in_J_per_tok": 0.6476454075944889,
  "EPT_out_J_per_tok": 1.9388301135708037,
  "EPT_total_J_per_tok": 0.48547701645920466
}