{
  "E_run_J": 10153.226213983538,
  "T_in": 15582,
  "T_out": 5224,
  "EPT_in_J_per_tok": 0.6515996800143041,
  "EPT_out_J_per_tok": 1.9435731650041337,
  "EPT_total_J_per_tok": 0.4879951078526891
}