{
  "E_run_J": 9924.040019159318,
  "T_in": 15582,
  "T_out": 5159,
  "EPT_in_J_per_tok": 0.6368912860453524,
  "EPT_out_J_per_tok": 1.9236363673497565,
  "EPT_total_J_per_tok": 0.47847451999222984
}