{
  "E_run_J": 9943.07648659229,
  "T_in": 15582,
  "T_out": 6341,
  "EPT_in_J_per_tok": 0.6381129820685183,
  "EPT_out_J_per_tok": 1.5680612658241162,
  "EPT_total_J_per_tok": 0.4535454311267544
}