{
  "E_run_J": 9626.843775418767,
  "T_in": 15582,
  "T_out": 6400,
  "EPT_in_J_per_tok": 0.6178182374161307,
  "EPT_out_J_per_tok": 1.5041943399089472,
  "EPT_total_J_per_tok": 0.43794212425704343
}