{
  "E_run_J": 10199.401876591925,
  "T_in": 15582,
  "T_out": 6400,
  "EPT_in_J_per_tok": 0.6545630776916487,
  "EPT_out_J_per_tok": 1.5936565432172392,
  "EPT_total_J_per_tok": 0.46398880341149396
}