{
  "E_run_J": 10206.49933735085,
  "T_in": 15582,
  "T_out": 6340,
  "EPT_in_J_per_tok": 0.6550185686914514,
  "EPT_out_J_per_tok": 1.6098579396449904,
  "EPT_total_J_per_tok": 0.46558248961547233
}