{
  "E_run_J": 9887.997685893772,
  "T_in": 15582,
  "T_out": 6400,
  "EPT_in_J_per_tok": 0.6345782111342021,
  "EPT_out_J_per_tok": 1.5449996384206603,
  "EPT_total_J_per_tok": 0.4498224768398381
}