{
  "E_run_J": 10136.379974827998,
  "T_in": 15582,
  "T_out": 6341,
  "EPT_in_J_per_tok": 0.6505185454259624,
  "EPT_out_J_per_tok": 1.5985459666971138,
  "EPT_total_J_per_tok": 0.46236281415990216
}