{
  "E_run_J": 9832.732803989637,
  "T_in": 15582,
  "T_out": 6400,
  "EPT_in_J_per_tok": 0.6310314981381726,
  "EPT_out_J_per_tok": 1.5363645006231406,
  "EPT_total_J_per_tok": 0.44730837976477067
}