{
  "E_run_J": 10189.1649952736,
  "T_in": 15582,
  "T_out": 5037,
  "EPT_in_J_per_tok": 0.6539061093102905,
  "EPT_out_J_per_tok": 2.0228638068833784,
  "EPT_total_J_per_tok": 0.4941638777473741
}