{
  "E_run_J": 9714.221069859743,
  "T_in": 15582,
  "T_out": 6400,
  "EPT_in_J_per_tok": 0.6234258163174894,
  "EPT_out_J_per_tok": 1.5178470421653476,
  "EPT_total_J_per_tok": 0.44191707168862254
}