{
  "E_run_J": 7179793.585524923,
  "T_in": 15582,
  "T_out": 4657,
  "EPT_in_J_per_tok": 460.7748418383046,
  "EPT_out_J_per_tok": 1541.7207613320552,
  "EPT_total_J_per_tok": 354.7504118545663
}
