{
  "E_run_J": 10102.93354871727,
  "T_in": 15582,
  "T_out": 6400,
  "EPT_in_J_per_tok": 0.6483720670463754,
  "EPT_out_J_per_tok": 1.5785833669868268,
  "EPT_total_J_per_tok": 0.45960028881433945
}